17.27,Celsius,68,28-septiembre-2020 03:08:08
17.27,Celsius,68,28-septiembre-2020 03:08:09
17.27,Celsius,68,28-septiembre-2020 03:08:11
17.27,Celsius,68,28-septiembre-2020 03:08:13
17.27,Celsius,68,28-septiembre-2020 03:08:15
17.27,Celsius,68,28-septiembre-2020 03:08:17
17.27,Celsius,68,28-septiembre-2020 03:08:19
17.27,Celsius,68,28-septiembre-2020 03:08:21
17.27,Celsius,68,28-septiembre-2020 03:08:23
17.27,Celsius,68,28-septiembre-2020 03:08:25
17.27,Celsius,68,28-septiembre-2020 03:08:27
17.27,Celsius,68,28-septiembre-2020 03:08:29
17.27,Celsius,68,28-septiembre-2020 03:08:31
17.27,Celsius,68,28-septiembre-2020 03:08:33
17.27,Celsius,68,28-septiembre-2020 03:08:35
17.27,Celsius,68,28-septiembre-2020 03:08:37
17.27,Celsius,68,28-septiembre-2020 03:08:39
17.27,Celsius,68,28-septiembre-2020 03:08:41
17.27,Celsius,68,28-septiembre-2020 03:08:43
17.27,Celsius,68,28-septiembre-2020 03:08:45
17.27,Celsius,68,28-septiembre-2020 03:08:47
17.27,Celsius,68,28-septiembre-2020 03:08:49
17.27,Celsius,68,28-septiembre-2020 03:08:51
16.54,Celsius,59,28-septiembre-2020 06:32:23
16.54,Celsius,59,28-septiembre-2020 06:32:23
16.54,Celsius,59,28-septiembre-2020 06:32:25
16.54,Celsius,59,28-septiembre-2020 06:32:27
16.54,Celsius,59,28-septiembre-2020 06:32:29
16.54,Celsius,59,28-septiembre-2020 06:32:31
16.54,Celsius,59,28-septiembre-2020 06:32:33
16.54,Celsius,59,28-septiembre-2020 06:32:35
16.54,Celsius,59,28-septiembre-2020 06:32:37
16.54,Celsius,59,28-septiembre-2020 06:32:39
16.54,Celsius,59,28-septiembre-2020 06:32:41
16.54,Celsius,59,28-septiembre-2020 06:32:43
16.54,Celsius,59,28-septiembre-2020 06:32:45
16.54,Celsius,59,28-septiembre-2020 06:32:47
16.54,Celsius,59,28-septiembre-2020 06:32:49
16.54,Celsius,59,28-septiembre-2020 06:32:51
16.54,Celsius,59,28-septiembre-2020 06:32:54
16.54,Celsius,59,28-septiembre-2020 06:32:57
16.54,Celsius,59,28-septiembre-2020 06:32:58
16.54,Celsius,59,28-septiembre-2020 06:32:59
16.54,Celsius,59,28-septiembre-2020 06:33:01
16.54,Celsius,59,28-septiembre-2020 06:33:03
16.54,Celsius,59,28-septiembre-2020 06:33:05
16.54,Celsius,59,28-septiembre-2020 06:33:07
16.54,Celsius,59,28-septiembre-2020 06:33:09
16.54,Celsius,59,28-septiembre-2020 06:33:11
16.54,Celsius,59,28-septiembre-2020 06:33:13
16.54,Celsius,59,28-septiembre-2020 06:33:15
16.54,Celsius,59,28-septiembre-2020 06:33:17
16.54,Celsius,59,28-septiembre-2020 06:33:19
16.54,Celsius,59,28-septiembre-2020 06:33:21
16.54,Celsius,59,28-septiembre-2020 06:33:23
16.54,Celsius,59,28-septiembre-2020 06:33:25
16.54,Celsius,59,28-septiembre-2020 06:33:27
16.54,Celsius,59,28-septiembre-2020 06:33:29
16.54,Celsius,59,28-septiembre-2020 06:33:31
16.54,Celsius,59,28-septiembre-2020 06:33:34
16.54,Celsius,59,28-septiembre-2020 06:33:36
16.54,Celsius,59,28-septiembre-2020 06:33:38
16.54,Celsius,59,28-septiembre-2020 06:33:40
16.54,Celsius,59,28-septiembre-2020 06:33:42
16.54,Celsius,59,28-septiembre-2020 06:33:44
16.54,Celsius,59,28-septiembre-2020 06:33:46
16.54,Celsius,59,28-septiembre-2020 06:33:48
16.54,Celsius,59,28-septiembre-2020 06:33:50
16.54,Celsius,59,28-septiembre-2020 06:33:52
16.54,Celsius,59,28-septiembre-2020 06:33:54
16.54,Celsius,59,28-septiembre-2020 06:33:56
16.54,Celsius,59,28-septiembre-2020 06:33:58
16.54,Celsius,59,28-septiembre-2020 06:34:00
16.54,Celsius,59,28-septiembre-2020 06:34:02
16.54,Celsius,59,28-septiembre-2020 06:34:04
16.54,Celsius,59,28-septiembre-2020 06:34:06
16.54,Celsius,59,28-septiembre-2020 06:34:08
16.54,Celsius,59,28-septiembre-2020 06:34:10
16.54,Celsius,59,28-septiembre-2020 06:34:12
16.54,Celsius,59,28-septiembre-2020 06:34:18
16.54,Celsius,59,28-septiembre-2020 06:34:18
16.54,Celsius,59,28-septiembre-2020 06:34:19
16.54,Celsius,59,28-septiembre-2020 06:34:20
16.54,Celsius,59,28-septiembre-2020 06:34:22
16.54,Celsius,59,28-septiembre-2020 06:34:26
16.54,Celsius,59,28-septiembre-2020 06:34:27
16.54,Celsius,59,28-septiembre-2020 06:34:28
16.54,Celsius,59,28-septiembre-2020 06:34:30
16.54,Celsius,59,28-septiembre-2020 06:34:32
16.54,Celsius,59,28-septiembre-2020 06:34:34
16.54,Celsius,59,28-septiembre-2020 06:34:36
16.54,Celsius,59,28-septiembre-2020 06:34:38
16.54,Celsius,59,28-septiembre-2020 06:34:40
16.54,Celsius,59,28-septiembre-2020 06:34:42
16.54,Celsius,59,28-septiembre-2020 06:34:44
16.54,Celsius,59,28-septiembre-2020 06:34:46
16.54,Celsius,59,28-septiembre-2020 06:34:48
16.54,Celsius,59,28-septiembre-2020 06:34:50
16.54,Celsius,59,28-septiembre-2020 06:34:52
16.54,Celsius,59,28-septiembre-2020 06:34:55
16.54,Celsius,59,28-septiembre-2020 06:34:57
16.54,Celsius,59,28-septiembre-2020 06:34:59
16.54,Celsius,59,28-septiembre-2020 06:35:01
16.54,Celsius,59,28-septiembre-2020 06:35:03
16.54,Celsius,59,28-septiembre-2020 06:35:07
16.54,Celsius,59,28-septiembre-2020 06:35:08
16.54,Celsius,59,28-septiembre-2020 06:35:08
16.54,Celsius,59,28-septiembre-2020 06:35:11
16.54,Celsius,59,28-septiembre-2020 06:35:12
16.54,Celsius,59,28-septiembre-2020 06:35:14
16.54,Celsius,59,28-septiembre-2020 06:35:18
16.54,Celsius,59,28-septiembre-2020 06:35:20
16.54,Celsius,59,28-septiembre-2020 06:35:22
16.54,Celsius,59,28-septiembre-2020 06:35:24
16.54,Celsius,59,28-septiembre-2020 06:35:24
16.54,Celsius,59,28-septiembre-2020 06:35:28
16.54,Celsius,59,28-septiembre-2020 06:35:29
16.54,Celsius,59,28-septiembre-2020 06:35:31
16.54,Celsius,59,28-septiembre-2020 06:35:36
16.54,Celsius,59,28-septiembre-2020 06:35:37
16.54,Celsius,59,28-septiembre-2020 06:35:39
16.54,Celsius,59,28-septiembre-2020 06:35:39
16.54,Celsius,59,28-septiembre-2020 06:35:41
16.54,Celsius,59,28-septiembre-2020 06:35:42
16.54,Celsius,59,28-septiembre-2020 06:35:44
16.54,Celsius,59,28-septiembre-2020 06:35:47
16.54,Celsius,59,28-septiembre-2020 06:35:48
16.54,Celsius,59,28-septiembre-2020 06:35:51
16.54,Celsius,59,28-septiembre-2020 06:35:52
16.54,Celsius,59,28-septiembre-2020 06:35:55
16.54,Celsius,59,28-septiembre-2020 06:35:57
16.54,Celsius,59,28-septiembre-2020 06:36:00
16.54,Celsius,59,28-septiembre-2020 06:36:01
16.54,Celsius,59,28-septiembre-2020 06:36:04
16.54,Celsius,59,28-septiembre-2020 06:36:05
16.54,Celsius,59,28-septiembre-2020 06:36:08
16.54,Celsius,59,28-septiembre-2020 06:36:09
16.54,Celsius,59,28-septiembre-2020 06:36:11
16.54,Celsius,59,28-septiembre-2020 06:36:13
16.54,Celsius,59,28-septiembre-2020 06:36:18
16.54,Celsius,59,28-septiembre-2020 06:36:18
16.54,Celsius,59,28-septiembre-2020 06:36:20
16.54,Celsius,59,28-septiembre-2020 06:36:21
16.54,Celsius,59,28-septiembre-2020 06:36:23
16.54,Celsius,59,28-septiembre-2020 06:36:25
16.54,Celsius,59,28-septiembre-2020 06:36:28
16.54,Celsius,59,28-septiembre-2020 06:36:29
16.54,Celsius,59,28-septiembre-2020 06:36:32
16.54,Celsius,59,28-septiembre-2020 06:36:33
16.54,Celsius,59,28-septiembre-2020 06:36:34
16.54,Celsius,59,28-septiembre-2020 06:36:36
16.54,Celsius,59,28-septiembre-2020 06:36:38
16.54,Celsius,59,28-septiembre-2020 06:36:40
16.54,Celsius,59,28-septiembre-2020 06:36:42
16.54,Celsius,59,28-septiembre-2020 06:36:44
16.54,Celsius,59,28-septiembre-2020 06:36:46
16.54,Celsius,59,28-septiembre-2020 06:36:48
16.54,Celsius,59,28-septiembre-2020 06:36:50
16.54,Celsius,59,28-septiembre-2020 06:36:52
16.54,Celsius,59,28-septiembre-2020 06:36:54
16.54,Celsius,59,28-septiembre-2020 06:36:56
16.54,Celsius,59,28-septiembre-2020 06:36:58
16.54,Celsius,59,28-septiembre-2020 06:37:00
16.54,Celsius,59,28-septiembre-2020 06:37:02
16.54,Celsius,59,28-septiembre-2020 06:37:04
16.54,Celsius,59,28-septiembre-2020 06:37:06
16.54,Celsius,59,28-septiembre-2020 06:37:08
16.54,Celsius,59,28-septiembre-2020 06:37:10
16.54,Celsius,59,28-septiembre-2020 06:37:12
16.54,Celsius,59,28-septiembre-2020 06:37:14
16.54,Celsius,59,28-septiembre-2020 06:37:16
16.54,Celsius,59,28-septiembre-2020 06:37:18
16.54,Celsius,59,28-septiembre-2020 06:37:20
16.54,Celsius,59,28-septiembre-2020 06:37:26
16.54,Celsius,59,28-septiembre-2020 06:37:30
16.54,Celsius,59,28-septiembre-2020 06:37:31
